"shipment_year","total_sales","total_profit","total_orders","avg_sales_per_order","avg_profit_per_order","profit_margin"
"2014","153528.75710000005","5218.054900000003","344","446.30","15.17","3.40"
"2015","174006.5930000001","3245.385099999998","378","460.33","8.59","1.87"
"2016","198025.86700000026","8873.814099999994","472","419.55","18.80","4.48"
"2017","213836.13139999995","2625.788699999996","562","380.49","4.67","1.23"
"2018","2864.4067999999997","489.1436","8","358.05","61.14","17.08"
